Code,Name,Manager,Action
10,US Western Region,Ken Valder,Add
6,testdemo,Adam Johnson,Update
jhghjg,testing,Abigail Zilar,Disable
99,test absdfsdf,Aaron Ollivier,Enable
12,New Region,Adam Johnson,Delete
30,US Southeast Regions,Joseph Wood Jr.,Add
52,!@##$%,Adam Martin,Add
65,test5,Adam Martin (SA),Add
70,test02,Adam Johnson,Add
1,test,Adrien Schwartz,Add
@#$$@2,test6,Adrien Schwartz,Add
101,!#^^%$&,Adam Mallas,Add
90,demo1,Abraham Cortes,Add
50,Alaskaasa/Pacific Rim Regions,Jared Edgar,Add
41,demo2,Aaron Rainio,Add
10050,Alaskaasa/Pacific Rim Region,Jared Edgar,Add
40,US Northeast Regions,Brent Clark,Add
0,Corporate,Ryan Cushman,Add
55,John,Adam Halliday,Add
60,!@#&^%$#,Adrien Schwartz,Add
20,US Central Regions,Brady Bigelow,Add
